timestamp,model_version,department,job_role,probability,risk
2026-08-30T12:15:51.577671+00:00,v1.0,IT,ML Engineer,0.925,HIGH
2026-08-30T12:15:51.971995+00:00,v1.0,IT,ML Engineer,0.925,HIGH
2026-08-30T12:15:52.306036+00:00,v1.0,IT,ML Engineer,0.925,HIGH
2026-08-30T12:15:52.755174+00:00,v1.0,Sales,Sales Executive,0.745,HIGH
2026-08-30T12:15:53.144401+00:00,v1.0,HR,HR Specialist,0.925,HIGH
2026-08-30T12:15:53.402936+00:00,v1.0,IT,Software Engineer,0.905,HIGH
2026-08-30T12:18:10.900837+00:00,v1.0,IT,ML Engineer,0.925,HIGH
2026-08-30T12:26:57.315772+00:00,v1.0,IT,ML Engineer,0.925,HIGH
2026-08-30T12:26:59.308527+00:00,v1.0,IT,ML Engineer,0.925,HIGH
2026-08-30T12:27:14.460717+00:00,v1.0,IT,ML Engineer,0.925,HIGH
2026-08-30T12:27:49.161370+00:00,v1.0,Sales,Sales Executive,0.745,HIGH
2026-08-30T12:27:49.565280+00:00,v1.0,HR,HR Specialist,0.925,HIGH
2026-08-30T12:27:49.879654+00:00,v1.0,IT,Software Engineer,0.905,HIGH
2026-08-30T12:28:37.235136+00:00,v1.0,IT,ML Engineer,0.925,HIGH
2026-08-30T12:29:10.526835+00:00,v1.0,IT,ML Engineer,0.925,HIGH
2026-08-30T12:32:00.437539+00:00,v1.0,IT,ML Engineer,0.925,HIGH
2026-08-30T12:32:01.002050+00:00,v1.0,IT,ML Engineer,0.925,HIGH
2026-08-30T12:32:01.461222+00:00,v1.0,IT,ML Engineer,0.925,HIGH
2026-08-30T12:32:01.990038+00:00,v1.0,Sales,Sales Executive,0.745,HIGH
2026-08-30T12:32:02.368933+00:00,v1.0,HR,HR Specialist,0.925,HIGH
2026-08-30T12:32:02.911263+00:00,v1.0,IT,Software Engineer,0.905,HIGH
2026-08-30T12:32:37.867121+00:00,v1.0,IT,ML Engineer,0.925,HIGH
2026-08-30T12:42:57.359710+00:00,v1.0,IT,ML Engineer,0.925,HIGH
2026-08-30T12:42:57.992585+00:00,v1.0,IT,ML Engineer,0.925,HIGH
2026-08-30T12:42:58.489545+00:00,v1.0,IT,ML Engineer,0.925,HIGH
2026-08-30T12:42:59.042670+00:00,v1.0,Sales,Sales Executive,0.745,HIGH
2026-08-30T12:42:59.327134+00:00,v1.0,HR,HR Specialist,0.925,HIGH
2026-08-30T12:42:59.595533+00:00,v1.0,IT,Software Engineer,0.905,HIGH
2026-08-30T12:43:45.192441+00:00,v1.0,IT,ML Engineer,0.925,HIGH
2026-08-30T12:52:12.531467+00:00,v1.0,IT,ML Engineer,0.925,HIGH
2026-08-30T12:52:13.168798+00:00,v1.0,IT,ML Engineer,0.925,HIGH
2026-08-30T12:52:13.770257+00:00,v1.0,IT,ML Engineer,0.925,HIGH
2026-08-30T12:52:14.417601+00:00,v1.0,Sales,Sales Executive,0.745,HIGH
2026-08-30T12:52:14.800965+00:00,v1.0,HR,HR Specialist,0.925,HIGH
2026-08-30T12:52:15.270277+00:00,v1.0,IT,Software Engineer,0.905,HIGH
2026-08-30T12:53:09.619968+00:00,v1.0,IT,ML Engineer,0.925,HIGH
2026-08-30T13:53:43.045310+00:00,v1.0,IT,ML Engineer,0.925,HIGH
2026-08-30T13:53:43.659835+00:00,v1.0,IT,ML Engineer,0.925,HIGH
2026-08-30T13:53:44.173859+00:00,v1.0,IT,ML Engineer,0.925,HIGH
2026-08-30T13:53:45.001311+00:00,v1.0,Sales,Sales Executive,0.745,HIGH
2026-08-30T13:53:45.523479+00:00,v1.0,HR,HR Specialist,0.925,HIGH
2026-08-30T13:53:46.062096+00:00,v1.0,IT,Software Engineer,0.905,HIGH
2026-08-30T13:54:45.225063+00:00,v1.0,IT,ML Engineer,0.925,HIGH
2026-08-30T14:01:03.475963+00:00,v1.0,IT,ML Engineer,0.925,HIGH
2026-08-30T14:01:03.819068+00:00,v1.0,IT,ML Engineer,0.925,HIGH
2026-08-30T14:01:04.137859+00:00,v1.0,IT,ML Engineer,0.925,HIGH
2026-08-30T14:01:04.706516+00:00,v1.0,Sales,Sales Executive,0.745,HIGH
2026-08-30T14:01:04.939932+00:00,v1.0,HR,HR Specialist,0.925,HIGH
2026-08-30T14:01:05.178786+00:00,v1.0,IT,Software Engineer,0.905,HIGH
2026-08-30T14:01:45.182725+00:00,v1.0,IT,ML Engineer,0.925,HIGH
2026-08-30T14:12:18.552191+00:00,v1.0,IT,ML Engineer,0.925,HIGH
2026-08-30T14:12:19.129717+00:00,v1.0,IT,ML Engineer,0.925,HIGH
2026-08-30T14:12:19.569004+00:00,v1.0,IT,ML Engineer,0.925,HIGH
2026-08-30T14:12:20.045128+00:00,v1.0,Sales,Sales Executive,0.745,HIGH
2026-08-30T14:12:20.339837+00:00,v1.0,HR,HR Specialist,0.925,HIGH
2026-08-30T14:12:20.650348+00:00,v1.0,IT,Software Engineer,0.905,HIGH
2026-08-30T14:12:57.746575+00:00,v1.0,IT,ML Engineer,0.925,HIGH
2026-09-01T06:26:40.452570+00:00,v1.0,IT,ML Engineer,0.925,HIGH
2026-09-01T06:26:41.554230+00:00,v1.0,IT,ML Engineer,0.925,HIGH
2026-09-01T06:26:41.991722+00:00,v1.0,IT,ML Engineer,0.925,HIGH
2026-09-01T06:26:42.522027+00:00,v1.0,Sales,Sales Executive,0.745,HIGH
2026-09-01T06:26:42.873112+00:00,v1.0,HR,HR Specialist,0.925,HIGH
2026-09-01T06:26:43.138066+00:00,v1.0,IT,Software Engineer,0.905,HIGH
2026-09-01T06:27:25.639455+00:00,v1.0,IT,ML Engineer,0.925,HIGH
2026-09-01T06:54:32.191935+00:00,v1.0,IT,ML Engineer,0.925,HIGH
2026-09-01T06:54:32.727320+00:00,v1.0,IT,ML Engineer,0.925,HIGH
2026-09-01T06:54:33.146632+00:00,v1.0,IT,ML Engineer,0.925,HIGH
2026-09-01T06:54:33.778330+00:00,v1.0,Sales,Sales Executive,0.745,HIGH
2026-09-01T06:54:34.062314+00:00,v1.0,HR,HR Specialist,0.925,HIGH
2026-09-01T06:54:34.320237+00:00,v1.0,IT,Software Engineer,0.905,HIGH
2026-09-01T06:55:06.266040+00:00,v1.0,IT,ML Engineer,0.925,HIGH
2026-09-01T07:38:49.683356+00:00,v1.0,IT,ML Engineer,0.925,HIGH
2026-09-01T07:38:51.748332+00:00,v1.0,IT,ML Engineer,0.925,HIGH
2026-09-01T07:38:52.215769+00:00,v1.0,IT,ML Engineer,0.925,HIGH
2026-09-01T07:38:53.597086+00:00,v1.0,Sales,Sales Executive,0.745,HIGH
2026-09-01T07:38:54.088515+00:00,v1.0,HR,HR Specialist,0.925,HIGH
2026-09-01T07:38:54.677995+00:00,v1.0,IT,Software Engineer,0.905,HIGH
2026-09-01T07:40:06.594285+00:00,v1.0,IT,ML Engineer,0.925,HIGH
2026-09-01T11:29:24.265054+00:00,v1.0,IT,ML Engineer,0.925,HIGH
2026-09-01T11:29:24.621061+00:00,v1.0,IT,ML Engineer,0.925,HIGH
2026-09-01T11:29:24.906168+00:00,v1.0,IT,ML Engineer,0.925,HIGH
2026-09-01T11:29:25.232285+00:00,v1.0,Sales,Sales Executive,0.745,HIGH
2026-09-01T11:29:25.451630+00:00,v1.0,HR,HR Specialist,0.925,HIGH
2026-09-01T11:29:25.668684+00:00,v1.0,IT,Software Engineer,0.905,HIGH
2026-09-01T11:29:50.430989+00:00,v1.0,IT,ML Engineer,0.925,HIGH
2026-09-01T11:30:11.117775+00:00,v1.0,IT,ML Engineer,0.925,HIGH
2026-09-01T11:30:11.382761+00:00,v1.0,IT,ML Engineer,0.925,HIGH
2026-09-01T11:30:11.591291+00:00,v1.0,IT,ML Engineer,0.925,HIGH
2026-09-01T11:30:11.877312+00:00,v1.0,Sales,Sales Executive,0.745,HIGH
2026-09-01T11:30:12.061482+00:00,v1.0,HR,HR Specialist,0.925,HIGH
2026-09-01T11:30:12.305999+00:00,v1.0,IT,Software Engineer,0.905,HIGH
2026-09-01T11:30:33.594450+00:00,v1.0,IT,ML Engineer,0.925,HIGH
2026-09-01T11:53:33.045257+00:00,v1.0,IT,ML Engineer,0.925,HIGH
2026-09-01T11:53:34.519428+00:00,v1.0,IT,ML Engineer,0.925,HIGH
2026-09-01T11:53:36.165365+00:00,v1.0,IT,ML Engineer,0.925,HIGH
2026-09-01T11:53:37.509695+00:00,v1.0,Sales,Sales Executive,0.745,HIGH
2026-09-01T11:53:37.745306+00:00,v1.0,HR,HR Specialist,0.925,HIGH
2026-09-01T11:53:37.950902+00:00,v1.0,IT,Software Engineer,0.905,HIGH
2026-09-01T11:54:08.353396+00:00,v1.0,IT,ML Engineer,0.925,HIGH
2026-09-02T07:19:41.617109+00:00,v1.0,IT,ML Engineer,0.925,HIGH
2026-09-02T07:19:42.684421+00:00,v1.0,IT,ML Engineer,0.925,HIGH
2026-09-02T07:19:43.415389+00:00,v1.0,IT,ML Engineer,0.925,HIGH
2026-09-02T07:19:44.188310+00:00,v1.0,Sales,Sales Executive,0.745,HIGH
2026-09-02T07:19:45.016535+00:00,v1.0,HR,HR Specialist,0.925,HIGH
2026-09-02T07:19:45.516967+00:00,v1.0,IT,Software Engineer,0.905,HIGH
2026-09-02T07:21:00.864631+00:00,v1.0,IT,ML Engineer,0.925,HIGH
2026-09-02T07:21:23.223290+00:00,v1.0,IT,ML Engineer,0.925,HIGH
2026-09-02T07:21:24.285938+00:00,v1.0,IT,ML Engineer,0.925,HIGH
2026-09-02T07:21:24.993572+00:00,v1.0,IT,ML Engineer,0.925,HIGH
2026-09-02T07:21:25.923751+00:00,v1.0,Sales,Sales Executive,0.745,HIGH
2026-09-02T07:21:26.384562+00:00,v1.0,HR,HR Specialist,0.925,HIGH
2026-09-02T07:21:26.762580+00:00,v1.0,IT,Software Engineer,0.905,HIGH
2026-09-02T07:22:04.987886+00:00,v1.0,IT,ML Engineer,0.925,HIGH
2026-09-02T07:28:45.483359+00:00,v1.0,IT,ML Engineer,0.925,HIGH
2026-09-02T07:28:46.934074+00:00,v1.0,IT,ML Engineer,0.925,HIGH
2026-09-02T07:28:47.718152+00:00,v1.0,IT,ML Engineer,0.925,HIGH
2026-09-02T07:28:48.623770+00:00,v1.0,Sales,Sales Executive,0.745,HIGH
2026-09-02T07:28:49.303142+00:00,v1.0,HR,HR Specialist,0.925,HIGH
2026-09-02T07:28:49.751965+00:00,v1.0,IT,Software Engineer,0.905,HIGH
2026-09-02T07:29:26.759422+00:00,v1.0,IT,ML Engineer,0.925,HIGH
2026-09-02T07:38:49.300777+00:00,v1.0,IT,ML Engineer,0.925,HIGH
2026-09-02T07:38:49.882319+00:00,v1.0,IT,ML Engineer,0.925,HIGH
2026-09-02T07:38:50.252527+00:00,v1.0,IT,ML Engineer,0.925,HIGH
2026-09-02T07:38:50.832411+00:00,v1.0,Sales,Sales Executive,0.745,HIGH
2026-09-02T07:38:51.213900+00:00,v1.0,HR,HR Specialist,0.925,HIGH
2026-09-02T07:38:51.466584+00:00,v1.0,IT,Software Engineer,0.905,HIGH
2026-09-02T07:39:25.773488+00:00,v1.0,IT,ML Engineer,0.925,HIGH
2026-09-02T07:42:38.866277+00:00,v1.0,IT,ML Engineer,0.925,HIGH
2026-09-02T07:42:40.780673+00:00,v1.0,IT,ML Engineer,0.925,HIGH
2026-09-02T07:42:41.931812+00:00,v1.0,IT,ML Engineer,0.925,HIGH
2026-09-02T07:42:43.636265+00:00,v1.0,Sales,Sales Executive,0.745,HIGH
2026-09-02T07:42:44.096140+00:00,v1.0,HR,HR Specialist,0.925,HIGH
2026-09-02T07:42:44.680664+00:00,v1.0,IT,Software Engineer,0.905,HIGH
2026-09-02T07:45:44.357821+00:00,v1.0,IT,ML Engineer,0.925,HIGH
2026-09-02T07:51:54.742436+00:00,v1.0,IT,ML Engineer,0.925,HIGH
2026-09-02T07:51:55.163333+00:00,v1.0,IT,ML Engineer,0.925,HIGH
2026-09-02T07:51:55.431538+00:00,v1.0,IT,ML Engineer,0.925,HIGH
2026-09-02T07:51:56.197760+00:00,v1.0,Sales,Sales Executive,0.745,HIGH
2026-09-02T07:51:56.397890+00:00,v1.0,HR,HR Specialist,0.925,HIGH
2026-09-02T07:51:56.593406+00:00,v1.0,IT,Software Engineer,0.905,HIGH
2026-09-02T07:52:30.976147+00:00,v1.0,IT,ML Engineer,0.925,HIGH
